<?xml version="1.0" encoding="UTF-8"?>
<jcr:root xmlns:sling="http://sling.apache.org/jcr/sling/1.0" xmlns:cq="http://www.day.com/jcr/cq/1.0" xmlns:jcr="http://www.jcp.org/jcr/1.0" xmlns:nt="http://www.jcp.org/jcr/nt/1.0"
    jcr:primaryType="cq:Page">
    <jcr:content
        cq:lastModified="{Date}2023-10-16T10:30:21.786+05:00"
        cq:lastModifiedBy="admin"
        cq:template="/conf/inowate/settings/wcm/templates/page-content"
        jcr:primaryType="cq:PageContent"
        jcr:title="English"
        sling:resourceType="inowate/components/page">
        <root
            jcr:primaryType="nt:unstructured"
            sling:resourceType="inowate/components/container"
            layout="responsiveGrid">
            <container
                jcr:primaryType="nt:unstructured"
                sling:resourceType="inowate/components/container"
                layout="responsiveGrid">
                <title
                    jcr:primaryType="nt:unstructured"
                    sling:resourceType="inowate/components/title"/>
                <container
                    jcr:primaryType="nt:unstructured"
                    sling:resourceType="inowate/components/container"
                    layout="responsiveGrid"/>
            </container>
        </root>
    </jcr:content>
    <home/>
    <portfolio/>
    <about-us/>
    <contact-us/>
    <our-team/>
    <our-services/>
</jcr:root>
