<?xml version="1.0" encoding="UTF-8"?>
<jcr:root xmlns:sling="http://sling.apache.org/jcr/sling/1.0" xmlns:granite="http://www.adobe.com/jcr/granite/1.0" xmlns:cq="http://www.day.com/jcr/cq/1.0" xmlns:jcr="http://www.jcp.org/jcr/1.0" xmlns:nt="http://www.jcp.org/jcr/nt/1.0"
    jcr:primaryType="nt:unstructured"
    jcr:title="Title"
    sling:resourceType="cq/gui/components/authoring/dialog"
    helpPath="https://www.adobe.com/go/aem_cmp_title_v1"
    trackingFeature="core-components:title:v1">
    <content
        jcr:primaryType="nt:unstructured"
        sling:resourceType="granite/ui/components/coral/foundation/fixedcolumns">
        <items jcr:primaryType="nt:unstructured">
            <tabs
                jcr:primaryType="nt:unstructured"
                sling:resourceType="granite/ui/components/coral/foundation/tabs"
                maximized="{Boolean}true">
                <items jcr:primaryType="nt:unstructured">
                    <Details
                        jcr:primaryType="nt:unstructured"
                        jcr:title="Details"
                        sling:resourceType="granite/ui/components/coral/foundation/container"
                        margin="{Boolean}true">
                        <items jcr:primaryType="nt:unstructured">
                            <title
                                jcr:primaryType="nt:unstructured"
                                sling:resourceType="granite/ui/components/coral/foundation/form/textfield"
                                fieldDescription="The text to display."
                                fieldLabel="Title"
                                name="./title"/>
                            <description
                                jcr:primaryType="nt:unstructured"
                                sling:resourceType="granite/ui/components/coral/foundation/form/textfield"
                                fieldDescription="The text to display."
                                fieldLabel="Description"
                                name="./description"/>
                        </items>
                    </Details>
                    <linksTab
                        jcr:primaryType="nt:unstructured"
                        jcr:title="Faqs"
                        sling:resourceType="granite/ui/components/coral/foundation/container"
                        margin="{Boolean}true">
                        <items jcr:primaryType="nt:unstructured">
                            <faqsSet
                                granite:class="dialog__spacer--bottom"
                                jcr:primaryType="nt:unstructured"
                                sling:resourceType="granite/ui/components/coral/foundation/form/multifield"
                                composite="{Boolean}true"
                                fieldLabel="Faqs Set"
                                name="./faqsSet">
                                <field
                                    jcr:primaryType="nt:unstructured"
                                    sling:resourceType="granite/ui/components/coral/foundation/container"
                                    name="./faqsSet">
                                    <items jcr:primaryType="nt:unstructured">
                                        <question
                                            jcr:primaryType="nt:unstructured"
                                            sling:resourceType="granite/ui/components/coral/foundation/form/textfield"
                                            fieldDescription="The text to display."
                                            fieldLabel="Question"
                                            name="./question"/>
                                        <answer
                                            jcr:primaryType="nt:unstructured"
                                            sling:resourceType="granite/ui/components/coral/foundation/form/textfield"
                                            fieldLabel="Answer"
                                            name="./answer"
                                            placeholder=""
                                            rootPath="/content/dam/exp"/>
                                    </items>
                                </field>
                            </faqsSet>
                        </items>
                    </linksTab>
                </items>
            </tabs>
        </items>
    </content>
</jcr:root>
